{
  "project_info": {
    "project_number": "494337050973",
    "firebase_url": "https://projetofinalmobile1-default-rtdb.firebaseio.com",
    "project_id": "projetofinalmobile1",
    "storage_bucket": "projetofinalmobile1.appspot.com"
  },
  "client": [
    {
      "client_info": {
        "mobilesdk_app_id": "1:494337050973:android:06b26d11bbb9b7f71840b4",
        "android_client_info": {
          "package_name": "com.example.projetofinal"
        }
      },
      "oauth_client": [
        {
          "client_id": "494337050973-v6509gdqs6c2m9bgjo5ruvjepnmm121r.apps.googleusercontent.com",
          "client_type": 1,
          "android_info": {
            "package_name": "com.example.projetofinal",
            "certificate_hash": "eaf9a91f7b0a37f446d3581de5356b72e0efd138"
          }
        },
        {
          "client_id": "494337050973-692hsjcfp8qclmo2e6d1qg1k6o5jjs32.apps.googleusercontent.com",
          "client_type": 3
        }
      ],
      "api_key": [
        {
          "current_key": "AIzaSyDOMHYcJgkOghNYIaL8BOCLG6CLmNXbAXc"
        }
      ],
      "services": {
        "appinvite_service": {
          "other_platform_oauth_client": [
            {
              "client_id": "494337050973-692hsjcfp8qclmo2e6d1qg1k6o5jjs32.apps.googleusercontent.com",
              "client_type": 3
            }
          ]
        }
      }
    }
  ],
  "configuration_version": "1"
}